country,year,displaced,metric,value
Afghanistan,2014,Wet mass movement,6366,depth_of_mud,20.0
Afghanistan,2014,Flood,5775,mm_of_rain,74.0
Afghanistan,2014,Wet mass movement,740,mm_of_rain,42.51
Afghanistan,2015,Earthquake,44,moment_magnitude,7.5
Afghanistan,2015,Earthquake,54642,moment_magnitude,7.5
Afghanistan,2016,Earthquake,1946,moment_magnitude,6.1
Afghanistan,2017,Flood,141,mm_of_rain,115.0
Afghanistan,2017,Flood,59,mm_of_rain,30.0
Afghanistan,2018,Earthquake,7588,moment_magnitude,6.2
Angola,2017,Flood,3430,mm_of_rain,80.0
Anguilla,2017,Storm,500,max_wind_speed,285.0
Albania,2013,Flood,132,mm_of_rain,130.0
Albania,2014,Flood,24,mm_of_rain,70.0
Argentina,2011,Volcanic eruption,0,vei,5.0
Argentina,2013,Volcanic eruption,600,vei,2.0
Argentina,2014,Flood,6300,mm_of_rain,400.0
Argentina,2015,Earthquake,48,moment_magnitude,6.0
Argentina,2015,Storm,400,mm_of_rain,320.0
Argentina,2016,Flood,10677,mm_of_rain,70.0
Antigua and Barbuda,2010,Storm,0,max_wind_speed,132.0
Antigua and Barbuda,2010,Storm,0,max_wind_speed,85.0
Antigua and Barbuda,2017,Storm,0,max_wind_speed,64.0
Antigua and Barbuda,2017,Storm,0,max_wind_speed,74.0
Antigua and Barbuda,2017,Storm,1423,max_wind_speed,285.0
Australia,2010,Storm,0,minutes_sustained,215.0
Australia,2010,Storm,0,minutes_sustained,10.0
Australia,2011,Storm,10000,max_wind_speed,205.0
Australia,2013,Storm,62,max_wind_speed,275.0
Australia,2013,Storm,9000,max_wind_speed,85.0
Australia,2014,Storm,1000,max_wind_speed,260.0
Australia,2015,Storm,180,minutes_sustained,140.0
Australia,2015,Storm,180,minutes_sustained,10.0
Australia,2015,Storm,800,max_wind_speed,230.0
Australia,2015,Storm,400,minutes_sustained,165.0
Australia,2015,Storm,400,minutes_sustained,10.0
Australia,2018,Storm,40,mm_of_rain,185.0
Australia,2018,Storm,40,mm_of_rain,110.0
Azerbaijan,2012,Earthquake,36000,moment_magnitude,5.6
Belgium,2010,Storm,0,max_wind_speed,228.0
Bangladesh,2009,Storm,842000,max_wind_speed,120.0
Bangladesh,2009,Storm,0,max_wind_speed,95.0
Bangladesh,2013,Storm,1100000,minutes_sustained,85.0
Bangladesh,2013,Storm,1100000,minutes_sustained,3.0
Bangladesh,2015,Storm,331000,mm_of_rain,85.0
Bangladesh,2015,Storm,331000,mm_of_rain,800.0
Bangladesh,2015,Earthquake,100,moment_magnitude,7.8
Bangladesh,2016,Storm,496260,mm_of_rain,110.0
Bangladesh,2016,Storm,496260,mm_of_rain,28.0
Bangladesh,2017,Storm,477669,max_wind_speed,150.0
"Bahamas, The",2011,Storm,0,max_wind_speed,195.0
"Bahamas, The",2015,Storm,2842,max_wind_speed,250.0
"Bahamas, The",2016,Storm,3500,max_wind_speed,270.0
Bahamas,2017,Storm,1565,max_wind_speed,285.0
Belize,2013,Storm,126,max_wind_speed,75.0
Belize,2016,Storm,3500,max_wind_speed,140.0
Brazil,2008,Flood,14293,area,23020.0
Brazil,2008,Flood,1435,area,290.0
Brazil,2008,Flood,190000,area,1120000.0
Brazil,2014,Flood,19413,area,450353.0
Brazil,2015,Storm,1000,max_wind_speed,320.0
Brazil,2017,Flood,60347,area,266010.35
Barbados,2010,Storm,0,max_wind_speed,155.0
Barbados,2016,Storm,90,max_wind_speed,270.0
Brunei,2017,Flood,94,minutes_sustained,75.0
Brunei,2017,Flood,94,minutes_sustained,10.0
Bhutan,2009,Earthquake,0,moment_magnitude,6.1
Bhutan,2011,Earthquake,20000,moment_magnitude,6.9
Botswana,2017,Storm,1950,max_wind_speed,155.0
Canada,2008,Flood,200,area,22900.0
Canada,2008,Flood,1830,area,3180.0
Canada,2009,Storm,0,max_wind_speed,58.42
Canada,2009,Storm,0,max_wind_speed,80.47
Canada,2011,Storm,0,max_wind_speed,80.0
Canada,2011,Storm,0,max_wind_speed,93.0
Canada,2013,Wildfire,240,num_wild_fires,1851.0
Canada,2013,Flood,120000,area,307926.0
Canada,2014,Wildfire,2500,area,2.8
Canada,2014,Storm,300,max_wind_speed,180.0
Canada,2016,Flood,28,mm_of_rain,129.6
Canada,2017,Wildfire,433,area,2750.0
Canada,2018,Flood,1158,mm_of_rain,80.0
Canada,2018,Storm,450,max_wind_speed,265.0
Canada,2018,Wildfire,35,area,12503.83
Canada,2018,Storm,1700,max_wind_speed,265.0
Canada,2018,Flood,2,mm_of_rain,40.0
Canada,2018,Flood,340,mm_of_rain,96.0
Switzerland,2011,Storm,0,max_wind_speed,120.0
Switzerland,2015,Flood,360,mm_of_rain,104.2
Chile,2008,Flood,12000,area,110500.0
Chile,2010,Earthquake,2000000,moment_magnitude,8.8
Chile,2011,Extreme temperature,0,temperature,-22.0
Chile,2011,Volcanic eruption,4000,vei,5.0
Chile,2012,Flood,300,area,88870.6
Chile,2012,Earthquake,7000,moment_magnitude,7.1
Chile,2013,Volcanic eruption,2440,vei,2.0
Chile,2014,Earthquake,972457,moment_magnitude,8.2
Chile,2015,Volcanic activity,3385,vei,2.0
Chile,2015,Earthquake,1000000,moment_magnitude,8.3
Chile,2015,Volcanic activity,6600,vei,4.0
Chile,2016,Earthquake,15374,moment_magnitude,7.6
Chile,2017,Flood,1916,area,157698.57
Chile,2017,Wildfire,5339,area,4670.0
China,2008,Earthquake,650000,moment_magnitude,6.0
China,2008,Storm,120000,max_wind_speed,175.0
China,2008,Earthquake,16000,moment_magnitude,6.0
China,2008,Storm,274300,max_wind_speed,155.0
China,2008,Flood,1900,area,43960.0
China,2008,Earthquake,855,moment_magnitude,6.3
China,2008,Flood,4600,area,10600.0
China,2008,Flood,1660000,area,366860.0
China,2008,Flood,42100,area,24610.0
China,2008,Earthquake,15000000,moment_magnitude,7.9
China,2009,Storm,92000,minutes_sustained,185.0
China,2009,Storm,92000,minutes_sustained,10.0
China,2009,Storm,162757,mm_of_rain,110.0
China,2009,Storm,162757,mm_of_rain,150.0
China,2009,Storm,115000,minutes_sustained,185.0
China,2009,Storm,115000,minutes_sustained,10.0
China,2009,Earthquake,400000,moment_magnitude,5.7
China,2009,Earthquake,61000,moment_magnitude,5.1
China,2009,Storm,1620000,minutes_sustained,140.0
China,2009,Storm,1620000,minutes_sustained,10.0
China,2010,Storm,128000,minutes_sustained,175.0
China,2010,Storm,128000,minutes_sustained,10.0
China,2010,Storm,186000,minutes_sustained,220.0
China,2010,Storm,186000,minutes_sustained,10.0
China,2010,Storm,0,minutes_sustained,130.0
China,2010,Storm,0,minutes_sustained,10.0
China,2010,Earthquake,100000,moment_magnitude,6.9
China,2011,Earthquake,5000,moment_magnitude,6.9
China,2011,Storm,300000,minutes_sustained,150.0
China,2011,Storm,300000,minutes_sustained,10.0
China,2011,Storm,360000,minutes_sustained,175.0
China,2011,Storm,360000,minutes_sustained,10.0
China,2011,Storm,0,minutes_sustained,75.0
China,2011,Storm,0,minutes_sustained,10.0
China,2011,Storm,0,minutes_sustained,75.0
China,2011,Storm,0,minutes_sustained,10.0
China,2013,Earthquake,694800,moment_magnitude,7.0
China,2013,Earthquake,11300,moment_magnitude,5.2
China,2013,Earthquake,21000,moment_magnitude,5.2
China,2013,Earthquake,45000,moment_magnitude,5.3
China,2013,Flood,17200,mm_of_rain,779.0
China,2013,Storm,189800,minutes_sustained,195.0
China,2013,Storm,189800,minutes_sustained,10.0
China,2013,Storm,500000,max_wind_speed,120.0
China,2013,Storm,513000,max_wind_speed,195.0
China,2013,Storm,181000,max_wind_speed,118.0
China,2013,Storm,586743,max_wind_speed,250.0
China,2013,Earthquake,9000,moment_magnitue,5.6
China,2013,Earthquake,226700,moment_magnitue,5.9
China,2013,Earthquake,2000,moment_magnitue,5.0
China,2014,Storm,252000,minutes_sustained,140.0
China,2014,Storm,252000,minutes_sustained,10.0
China,2014,Storm,289000,max_wind_speed,120.0
China,2014,Storm,628000,max_wind_speed,200.0
China,2014,Flood,92600,area,387775.13
China,2014,Storm,158000,minutes_sustained,85.0
China,2014,Storm,158000,minutes_sustained,10.0
China,2014,Earthquake,21000,moment_magnitude,5.4
China,2014,Earthquake,56000,moment_magnitude,5.8
China,2014,Earthquake,58980,moment_magnitude,6.0
China,2014,Earthquake,8200,moment_magnitude,5.9
China,2014,Storm,13000,max_wind_speed,80.0
China,2014,Earthquake,85000,moment_magnitude,6.9
China,2014,Earthquake,236900,moment_magnitude,6.5
China,2015,Earthquake,12000,moment_magnitude,5.2
China,2015,Storm,1251,minutes_sustained,155.0
China,2015,Storm,1251,minutes_sustained,10.0
China,2015,Storm,40000,minutes_sustained,85.0
China,2015,Storm,40000,minutes_sustained,10.0
China,2015,Storm,562000,mm_of_rain,230.0
China,2015,Storm,562000,mm_of_rain,609.6
China,2015,Storm,559200,mm_of_rain,240.0
China,2015,Storm,559200,mm_of_rain,90.0
China,2015,Storm,1100000,mm_of_rain,220.0
China,2015,Storm,1100000,mm_of_rain,388.5
China,2015,Storm,56000,minutes_sustained,95.0
China,2015,Storm,56000,minutes_sustained,10.0
China,2015,Earthquake,9000,moment_magnitude,6.4
China,2015,Earthquake,2536,moment_magnitude,5.5
China,2015,Earthquake,6000,moment_magnitude,4.6
China,2016,Storm,658306,minutes_sustained,155.0
China,2016,Storm,658306,minutes_sustained,10.0
China,2016,Earthquake,30000,moment_magnitude,6.4
China,2016,Extreme temperature,78000,temperature,-41.0
China,2016,Earthquake,5100,moment_magnitude,6.0
China,2016,Flood,1990000,mm_of_rain,570.0
China,2016,Earthquake,6800,moment_magnitude,4.8
China,2016,Earthquake,90,moment_magnitude,6.4
China,2016,Flood,477000,area,197079.53
China,2016,Storm,69000,mm_of_rain,175.0
China,2016,Storm,69000,mm_of_rain,150.0
China,2016,Storm,782000,mm_of_rain,215.0
China,2016,Storm,782000,mm_of_rain,381.0
China,2016,Storm,208200,mm_of_rain,111.0
China,2016,Storm,208200,mm_of_rain,342.0
China,2016,Storm,534000,mm_of_rain,213.0
China,2016,Storm,534000,mm_of_rain,500.0
China,2016,Storm,567000,mm_of_rain,287.1
China,2016,Storm,567000,mm_of_rain,299.0
China,2016,Storm,51000,mm_of_rain,213.0
China,2016,Storm,51000,mm_of_rain,445.0
China,2017,Flood,60300,area,283444.21
China,2017,Storm,410841,minutes_sustained,140.0
China,2017,Storm,410841,minutes_sustained,10.0
China,2017,Earthquake,11000,moment_magnitude,6.4
China,2017,Earthquake,10000,moment_magnitude,5.0
China,2017,Storm,14600,max_wind_speed,110.0
China,2017,Earthquake,23477,moment_magnitude,6.5
China,2017,Storm,33000,max_wind_speed,95.0
China,2017,Storm,191000,max_wind_speed,150.0
China,2017,Storm,44917,max_wind_speed,185.0
China,2018,Storm,141800,minutes_sustained,75.0
China,2018,Storm,141800,minutes_sustained,10.0
China,2018,Storm,1,minutes_sustained,75.0
China,2018,Storm,1,minutes_sustained,10.0
China,2018,Flood,1000,area,109610.1
China,2018,Storm,152600,max_wind_speed,165.0
China,2018,Storm,517800,max_wind_speed,250.0
China,2018,Extreme temperature,5000,temperature,-40.0
China,2018,Extreme temperature,6600,temperature,-40.0
China,2018,Extreme temperature,1300,temperature,-40.0
China,2018,Earthquake,5000,moment_magnitude,5.9
China,2018,Storm,12000,minutes_sustained,75.0
China,2018,Storm,12000,minutes_sustained,10.0
China,2018,Storm,290000,max_wind_speed,95.0
China,2018,Earthquake,2100,moment_magnitude,5.8
China,2018,Earthquake,33000,moment_magnitude,5.0
Côte d'Ivoire,2013,Flood,78,mm_of_rain,98.0
Côte d'Ivoire,2018,Flood,2017,mm_of_rain,140.0
Cameroon,2013,Flood,10000,mm_of_rain,100.0
Cameroon,2014,Flood,3500,mm_of_rain,180.0
Cameroon,2015,Flood,2450,area,4726.19
"Congo, Dem. Rep.",2008,Earthquake,4575,moment_magnitude,5.8
"Congo, Dem. Rep.",2013,Flood,1000,mm_of_rain,222.0
"Congo, Dem. Rep.",2014,Flood,3975,mm_of_rain,648.0
"Congo, Dem. Rep.",2014,Flood,10600,mm_of_rain,938.0
"Congo, Dem. Rep.",2015,Flood,2080,mm_of_rain,136.9
Dem. Rep. Congo,2018,Flood,15743,area,5597.13
Colombia,2008,Flood,10100,area,195400.0
Colombia,2009,Volcanic eruption,8500,vei,1.0
Colombia,2014,Volcanic eruption,12750,vei,4.0
Colombia,2014,Flood,3,area,406009.0
Colombia,2015,Earthquake,74,moment_magnitude,6.6
Colombia,2016,Storm,210,minutes_sustained,270.0
Colombia,2016,Storm,210,minutes_sustained,1.0
Colombia,2018,Earthquake,370,vei,3.0
Comoros,2014,Earthquake,3030,moment_magnitude,4.8
Cabo Verde,2014,Volcanic eruption,2500,vei,3.0
Cabo Verde,2015,Storm,190,max_wind_speed,140.0
Costa Rica,2009,Earthquake,2358,moment_magnitude,6.1
Costa Rica,2013,Flood,45,mm_of_rain,175.0
Costa Rica,2016,Storm,5500,max_wind_speed,175.0
Cuba,2008,Storm,20000,max_wind_speed,230.0
Cuba,2008,Storm,13000,max_wind_speed,85.0
Cuba,2008,Flood,20000,area,35290.0
Cuba,2008,Storm,61000,max_wind_speed,240.0
Cuba,2016,Storm,1079214,max_wind_speed,270.0
Cuba,2017,Storm,1738000,max_wind_speed,285.0
Germany,2010,Storm,0,max_wind_speed,130.0
Germany,2013,Flood,52549,area,241203.7
Germany,2016,Flood,2000,mm_of_rain,177.8
Djibouti,2018,Storm,9365,minutes_sustained,85.0
Djibouti,2018,Storm,9365,minutes_sustained,3.0
Dominica,2011,Storm,96,minutes_sustained,220.0
Dominica,2011,Storm,96,minutes_sustained,1.0
Dominica,2015,Storm,709,minutes_sustained,85.0
Dominica,2015,Storm,709,minutes_sustained,1.0
Dominica,2017,Storm,34798,max_wind_speed,260.0
Dominican Republic,2008,Storm,0,max_wind_speed,110.0
Dominican Republic,2010,Storm,0,minutes_sustained,155.0
Dominican Republic,2010,Storm,0,minutes_sustained,1.0
Dominican Republic,2011,Storm,7000,minutes_sustained,85.0
Dominican Republic,2011,Storm,7000,minutes_sustained,1.0
Dominican Republic,2011,Storm,5900,minutes_sustained,195.0
Dominican Republic,2011,Storm,5900,minutes_sustained,1.0
Dominican Republic,2016,Storm,41524,max_wind_speed,270.0
Dominican Republic,2017,Storm,24116,max_wind_speed,285.0
Algeria,2014,Earthquake,4492,moment_magnitude,5.3
Ecuador,2008,Flood,13871,area,75830.0
Ecuador,2010,Volcanic eruption,0,vei,2.0
Ecuador,2012,Flood,4796,area,39793.0
Ecuador,2013,Volcanic eruption,200,vei,3.0
Ecuador,2014,Earthquake,18,moment_magnitude,5.1
Ecuador,2016,Earthquake,10000,moment_magnitude,6.8
Ecuador,2016,Earthquake,259000,moment_magnitude,7.8
Ecuador,2018,Volcanic eruption,250,vei,3.0
Spain,2010,Flood,0,area,22049.0
Spain,2010,Storm,0,max_wind_speed,160.0
Spain,2011,Earthquake,15000,moment_magnitude,5.1
Spain,2018,Flood,24,area,2882.25
Ethiopia,2008,Flood,20000,area,69940.0
Ethiopia,2013,Storm,1200,max_wind_speed,121.0
Ethiopia,2015,Volcanic activity,3900,vei,2.0
Ethiopia,2016,Flood,298382,mm_of_rain,640.0
Fiji,2009,Storm,3845,minutes_sustained,110.0
Fiji,2009,Storm,3845,minutes_sustained,10.0
Fiji,2010,Storm,18000,minutes_sustained,185.0
Fiji,2010,Storm,18000,minutes_sustained,10.0
Fiji,2011,Storm,0,minutes_sustained,185.0
Fiji,2011,Storm,0,minutes_sustained,10.0
Fiji,2014,Storm,800,lowest_pressure,900.0
Fiji,2016,Storm,12000,minutes_sustained,130.0
Fiji,2016,Storm,12000,minutes_sustained,10.0
Fiji,2016,Storm,62000,minutes_sustained,280.0
Fiji,2016,Storm,62000,minutes_sustained,10.0
Fiji,2017,Earthquake,30,moment_magnitude,6.9
Fiji,2017,Storm,155,max_wind_speed,83.0
Fiji,2018,Storm,2313,max_wind_speed,75.0
Fiji,2018,Flood,10000,max_wind_speed,140.0
France,2010,Storm,4500,max_wind_speed,228.0
France,2011,Storm,0,max_wind_speed,212.0
France,2014,Storm,300,minutes_sustained,75.0
France,2014,Storm,300,minutes_sustained,10.0
France,2017,Storm,1456,max_wind_speed,285.0
France,2017,Storm,1500,max_wind_speed,285.0
France,2018,Storm,208,minutes_sustained,165.0
France,2018,Storm,208,minutes_sustained,10.0
United Kingdom,2013,Flood,12,max_wind_speed,40.0
United Kingdom,2013,Flood,12,max_wind_speed,140.3
United Kingdom,2015,Storm,1000,max_wind_speed,180.0
United Kingdom,2016,Storm,220,max_wind_speed,171.0
Ghana,2017,Flood,700,mm_of_rain,113.0
Greece,2014,Earthquake,3120,moment_magnitude,5.9
Greece,2018,Storm,1300,max_wind_speed,105.0
Guatemala,2010,Storm,0,minutes_sustained,175.0
Guatemala,2010,Storm,0,minutes_sustained,1.0
Guatemala,2010,Volcanic eruption,0,vei,3.0
Guatemala,2010,Storm,112000,minutes_sustained,75.0
Guatemala,2010,Storm,112000,minutes_sustained,1.0
Guam,2018,Storm,290,max_wind_speed,280.0
Guam,2018,Storm,2143,max_wind_speed,285.0
"Hong Kong SAR, China",2009,Storm,100000,max_wind_speed,240.0
"Hong Kong SAR, China",2010,Storm,0,max_wind_speed,150.0
Honduras,2009,Earthquake,2250,moment_magnitude,7.1
Honduras,2010,Storm,7998,max_wind_speed,75.0
Honduras,2016,Storm,11,max_wind_speed,140.0
Haiti,2010,Earthquake,1500000,moment_magnitude,7.0
Haiti,2010,Storm,0,max_wind_speed,155.0
Haiti,2010,Storm,72710,max_wind_speed,130.0
Haiti,2011,Storm,500,max_wind_speed,195.0
Haiti,2015,Flood,1488,area,3672.0
Haiti,2016,Storm,175509,max_wind_speed,270.0
Haiti,2017,Storm,12539,max_wind_speed,285.0
Haiti,2018,Earthquake,8618,moment_magnitude,5.9
Indonesia,2008,Earthquake,10000,moment_magnitude,7.4
Indonesia,2008,Earthquake,820,moment_magnitude,5.2
Indonesia,2008,Earthquake,3315,moment_magnitude,7.4
Indonesia,2008,Flood,49653,area,2180.0
Indonesia,2008,Flood,40000,area,810.0
Indonesia,2008,Flood,34000,area,4200.0
Indonesia,2010,Volcanic eruption,0,vei,4.0
Indonesia,2010,Volcanic eruption,360557,vei,4.0
Indonesia,2013,Storm,83075,area,1746.0
Indonesia,2013,Earthquake,53403,moment_magnitude,6.2
Indonesia,2014,Volcanic eruption,87629,vei,4.0
Indonesia,2014,Earthquake,200,moment_magnitude,4.8
Indonesia,2016,Earthquake,750,moment_magnitude,5.5
Indonesia,2016,Earthquake,346,moment_magnitude,5.9
Indonesia,2016,Earthquake,91267,moment_magnitude,6.5
Indonesia,2017,Storm,28190,max_wind_speed,65.0
Indonesia,2017,Earthquake,4222,moment_magnitude,6.5
Indonesia,2018,Volcanic eruption,660,vei,2.0
Indonesia,2018,Volcanic eruption,8890,vei,2.0
Indonesia,2018,Volcanic eruption,178,vei,4.0
Indonesia,2018,Flood,4199,area,3938.29
Indonesia,2018,Earthquake,3826,moment_magnitude,7.5
Indonesia,2018,Earthquake,247900,moment_magnitude,7.5
Indonesia,2018,Earthquake,445343,moment_magnitude,6.4
India,2008,Flood,2100000,area,80590.0
India,2008,Flood,2055925,area,350600.0
India,2009,Storm,2300000,minutes_sustained,110.0
India,2009,Storm,2300000,minutes_sustained,3.0
India,2010,Storm,78000,max_wind_speed,120.0
India,2013,Earthquake,56400,moment_magnitude,5.8
India,2013,Flood,1042271,mm_of_rain,370.0
India,2013,Storm,26000,max_wind_speed,140.0
India,2013,Storm,1000000,max_wind_speed,260.0
India,2013,Storm,20000,max_wind_speed,130.0
India,2014,Storm,30000,max_wind_speed,215.0
India,2014,Flood,9528,area,49220.0
India,2014,Storm,639271,max_wind_speed,215.0
India,2015,Flood,9400,area,70287.98
India,2015,Earthquake,10,moment_magnitude,7.5
India,2015,Flood,1801000,mm_of_rain,749.0
India,2015,Flood,1200000,max_wind_speed,800.0
India,2015,Flood,1200000,max_wind_speed,85.0
India,2015,Storm,117500,max_wind_speed,150.0
India,2015,Flood,34000,mm_of_rain,370.0
India,2015,Flood,75,mm_of_rain,160.0
India,2015,Flood,180188,mm_of_rain,944.0
India,2015,Flood,200,area,14179.0
India,2015,Earthquake,25100,moment_magnitude,7.8
India,2016,Earthquake,10000,moment_magnitude,6.7
India,2016,Storm,16757,max_wind_speed,150.0
India,2018,Storm,200,max_wind_speed,100.0
India,2018,Storm,249083,max_wind_speed,120.0
India,2018,Storm,400336,max_wind_speed,150.0
India,2018,Storm,3703,minutes_sustained,65.0
India,2018,Storm,3703,minutes_sustained,3.0
India,2018,Storm,31604,max_wind_speed,100.0
"Iran, Islamic Rep.",2013,Earthquake,1520,moment_magnitude,6.3
"Iran, Islamic Rep.",2013,Earthquake,1000,moment_magnitude,6.3
"Iran, Islamic Rep.",2014,Earthquake,12000,moment_magnitude,6.2
Iran,2017,Earthquake,170000,moment_magnitude,7.3
Iran,2017,Flood,288,area,40807.87
Iran,2017,Earthquake,20065,moment_magnitude,4.9
Iran,2017,Earthquake,8000,moment_magnitude,5.6
Iran,2018,Flood,327,area,340197.41
Iran,2018,Earthquake,1650,moment_magnitude,6.0
Iran,2018,Earthquake,46609,moment_magnitude,6.3
Iraq,2008,Flood,600,area,3310.0
Iraq,2017,Earthquake,3933,moment_magnitude,7.3
Italy,2009,Earthquake,70000,moment_magnitude,6.3
Italy,2010,Flood,0,area,18725.0
Italy,2011,Extreme temperature,0,temperature,47.0
Italy,2012,Earthquake,11050,moment_magnitude,4.4
Italy,2013,Earthquake,1000,moment_magnitude,1.1
Italy,2013,Storm,2737,mm_of_rain,400.0
Italy,2016,Earthquake,25200,moment_magnitude,6.2
Italy,2017,Flood,49,mm_of_rain,50.0
Italy,2017,Flood,1000,area,27560.36
Jamaica,2010,Storm,0,max_wind_speed,65.0
Jamaica,2016,Storm,3500,max_wind_speed,270.0
Japan,2008,Flood,800,area,52420.0
Japan,2009,Flood,140000,mm_of_rain,75.0
Japan,2009,Flood,140000,mm_of_rain,326.5
Japan,2009,Storm,453033,mm_of_rain,212.0
Japan,2009,Storm,453033,mm_of_rain,64.0
Japan,2009,Earthquake,0,moment_magnitude,6.2
Japan,2010,Extreme temperature,0,temperature,35.0
Japan,2011,Storm,82,mm_of_rain,93.0
Japan,2011,Storm,82,mm_of_rain,66.5
Japan,2011,Earthquake,492000,moment_magnitude,9.0
Japan,2011,Storm,656,mm_of_rain,129.0
Japan,2011,Storm,656,mm_of_rain,500.0
Japan,2011,Storm,0,mm_of_rain,215.0
Japan,2011,Storm,0,mm_of_rain,1200.0
Japan,2013,Storm,118309,mm_of_rain,165.0
Japan,2013,Storm,118309,mm_of_rain,353.0
Japan,2013,Earthquake,69,moment_magnitude,5.8
Japan,2013,Storm,520000,mm_of_rain,55.5
Japan,2013,Storm,520000,mm_of_rain,150.0
Japan,2014,Earthquake,129,moment_magnitude,6.2
Japan,2014,Storm,14,mm_of_rain,268.5
Japan,2014,Storm,14,mm_of_rain,180.0
Japan,2014,Storm,570000,mm_of_rain,148.0
Japan,2014,Storm,570000,mm_of_rain,500.0
Japan,2014,Storm,50000,mm_of_rain,129.0
Japan,2014,Storm,50000,mm_of_rain,275.0
Japan,2014,Storm,87327,mm_of_rain,74.0
Japan,2014,Storm,87327,mm_of_rain,100.0
Japan,2015,Storm,180,mm_of_rain,177.0
Japan,2015,Storm,180,mm_of_rain,388.5
Japan,2015,Storm,24,mm_of_rain,150.0
Japan,2015,Storm,24,mm_of_rain,90.0
Japan,2015,Storm,192000,mm_of_rain,155.0
Japan,2015,Storm,192000,mm_of_rain,683.0
Japan,2015,Storm,245459,mm_of_rain,256.0
Japan,2015,Storm,245459,mm_of_rain,337.0
Japan,2015,Storm,43384,mm_of_rain,240.0
Japan,2015,Storm,43384,mm_of_rain,740.0
Japan,2015,Volcanic activity,137,vei,2.0
Japan,2015,Volcanic activity,118,vei,1.0
Japan,2015,Volcanic activity,77,vei,4.0
Japan,2016,Volcanic eruption,9,vei,5.0
Japan,2016,Earthquake,4,moment_magnitude,6.3
Japan,2016,Earthquake,196325,moment_magnitude,6.5
Japan,2016,Flood,88230,area,18480.56
Japan,2016,Storm,43834,mm_of_rain,213.0
Japan,2016,Storm,43834,mm_of_rain,445.0
Japan,2018,Earthquake,2676,moment_magnitude,5.5
Japan,2018,Earthquake,11900,moment_magnitude,6.6
Japan,2018,Storm,36400,minutes_sustained,140.0
Japan,2018,Storm,36400,minutes_sustained,10.0
Kazakhstan,2011,Flood,9000,area,213195.0
Kazakhstan,2017,Flood,7115,area,397487.68
Kazakhstan,2018,Flood,400,area,331425.24
Kenya,2008,Flood,10000,area,37960.0
Kenya,2013,Flood,169692,area,73170.41
Kenya,2013,Flood,6000,area,9047.26
Kyrgyz Republic,2008,Earthquake,1055,moment_magnitude,6.7
Kyrgyz Republic,2011,Earthquake,0,moment_magnitude,6.1
Kyrgyz Republic,2015,Earthquake,5780,moment_magnitude,5.5
Kyrgyzstan,2017,Earthquake,3096,moment_magnitude,5.9
Cambodia,2011,Flood,214000,area,13466.0
Kiribati,2015,Storm,2520,minutes_sustained,250.0
Kiribati,2015,Storm,2520,minutes_sustained,10.0
St. Kitts and Nevis,2017,Storm,33,max_wind_speed,285.0
"Korea, Rep.",2010,Storm,0,max_wind_speed,120.0
"Korea, Rep.",2016,Earthquake,11,moment_magnitude,5.4
"Korea, Rep.",2016,Extreme temperature,6511,temperature,-18.0
Korea,2017,Earthquake,1316,moment_magnitude,5.4
Korea,2018,Storm,15,minutes_sustained,120.0
Korea,2018,Storm,15,minutes_sustained,10.0
Lao PDR,2013,Storm,8000,minutes_sustained,185.0
Lao PDR,2013,Storm,8000,minutes_sustained,1.0
Lebanon,2015,Storm,106,max_wind_speed,110.0
St. Lucia,2016,Storm,130,max_wind_speed,270.0
Sri Lanka,2008,Flood,85000,area,103400.0
Sri Lanka,2008,Flood,400000,area,40670.0
Sri Lanka,2013,Storm,115000,minutes_sustained,85.0
Sri Lanka,2013,Storm,115000,minutes_sustained,3.0
Sri Lanka,2013,Flood,189090,area,26063.0
Sri Lanka,2017,Flood,4113,mm_of_rain,400.0
Sri Lanka,2017,Storm,3270,max_wind_speed,130.0
Sri Lanka,2018,Storm,7,mm_of_rain,223.0
Sri Lanka,2018,Flood,15842,mm_of_rain,250.0
Sri Lanka,2018,Storm,104,max_wind_speed,150.0
St. Martin (French part),2017,Storm,10582,max_wind_speed,285.0
Madagascar,2008,Storm,3156,max_wind_speed,130.0
Madagascar,2008,Storm,191182,max_wind_speed,230.0
Madagascar,2009,Storm,4090,lowest_pressure,110.0
Madagascar,2009,Storm,4090,lowest_pressure,975.0
Madagascar,2009,Storm,0,lowest_pressure,110.0
Madagascar,2009,Storm,0,lowest_pressure,978.0
Madagascar,2009,Storm,4012,minutes_sustained,185.0
Madagascar,2009,Storm,4012,minutes_sustained,10.0
Madagascar,2010,Storm,37891,lowest_pressure,100.0
Madagascar,2010,Storm,37891,lowest_pressure,985.0
Madagascar,2011,Storm,25845,lowest_pressure,155.0
Madagascar,2011,Storm,25845,lowest_pressure,957.0
Madagascar,2013,Storm,20000,lowest_pressure,150.0
Madagascar,2013,Storm,20000,lowest_pressure,960.0
Madagascar,2014,Storm,1736,lowest_pressure,230.0
Madagascar,2014,Storm,1736,lowest_pressure,915.0
Madagascar,2017,Storm,246842,max_wind_speed,300.0
Madagascar,2018,Storm,19439,max_wind_speed,105.0
Mexico,2008,Flood,0,area,193700.0
Mexico,2008,Storm,13100,max_wind_speed,160.0
Mexico,2009,Storm,75000,max_wind_speed,250.0
Mexico,2009,Storm,100000,max_wind_speed,165.0
Mexico,2010,Storm,40000,lowest_pressure,205.0
Mexico,2010,Storm,40000,lowest_pressure,956.0
Mexico,2010,Storm,50000,lowest_pressure,175.0
Mexico,2010,Storm,50000,lowest_pressure,946.0
Mexico,2010,Storm,0,lowest_pressure,95.0
Mexico,2010,Storm,0,lowest_pressure,998.0
Mexico,2010,Storm,300,lowest_pressure,150.0
Mexico,2010,Storm,300,lowest_pressure,978.0
Mexico,2011,Storm,0,lowest_pressure,120.0
Mexico,2011,Storm,0,lowest_pressure,994.0
Mexico,2011,Storm,280000,lowest_pressure,100.0
Mexico,2011,Storm,280000,lowest_pressure,993.0
Mexico,2011,Storm,0,lowest_pressure,250.0
Mexico,2011,Storm,0,lowest_pressure,929.0
Mexico,2011,Storm,5795,lowest_pressure,205.0
Mexico,2011,Storm,5795,lowest_pressure,955.0
Mexico,2011,Storm,0,lowest_pressure,150.0
Mexico,2011,Storm,0,lowest_pressure,977.0
Mexico,2015,Flood,114,area,60978.86
Mexico,2015,Storm,90000,max_wind_speed,345.0
Mexico,2016,Storm,6745,max_wind_speed,140.0
Mexico,2016,Flood,87,area,22329.12
Mexico,2016,Storm,276,max_wind_speed,145.0
Mexico,2017,Dry mass movement,400,max_wind_speed,165.0
Mexico,2017,Storm,380,max_wind_speed,65.0
Mexico,2017,Earthquake,88183,moment_magnitude,8.1
Mexico,2017,Earthquake,104135,moment_magnitude,7.1
Mexico,2018,Earthquake,57,moment_magnitude,7.2
Mexico,2018,Storm,13000,max_wind_speed,260.0
Marshall Islands,2014,Flood,1246,area,34.84
"Macedonia, FYR",2013,Flood,1636,area,3700.4
Myanmar,2008,Storm,2250000,max_wind_speed,215.0
Myanmar,2010,Storm,101923,max_wind_speed,193.0
Myanmar,2011,Earthquake,3152,moment_magnitude,6.9
Myanmar,2012,Flood,48000,area,219814.0
Myanmar,2012,Earthquake,25840,moment_magnitude,6.8
Myanmar,2013,Storm,78000,minutes_sustained,85.0
Myanmar,2013,Storm,78000,minutes_sustained,3.0
Myanmar,2014,Storm,4905,minutes_sustained,140.0
Myanmar,2014,Storm,4905,minutes_sustained,1.0
Myanmar,2015,Flood,1616761,mm_of_rain,250.0
Myanmar,2017,Storm,276,minutes_sustained,85.0
Myanmar,2017,Storm,276,minutes_sustained,1.0
Mongolia,2009,Extreme temperature,21560,temperature,-50.0
Mongolia,2018,Extreme temperature,224,temperature,-46.5
Northern Mariana Islands,2018,Storm,12800,max_wind_speed,290.0
Mozambique,2009,Storm,6500,max_wind_speed,130.0
Mozambique,2013,Flood,185897,area,83155.21
Mozambique,2016,Flood,7009,area,80571.64
Mozambique,2017,Storm,144962,max_wind_speed,100.0
Mauritania,2010,Flood,5000,area,11046.0
Mauritania,2018,Flood,445,mm_of_rain,200.0
Mauritius,2018,Storm,3600,max_wind_speed,120.0
Malawi,2013,Flood,33000,area,20095.7
Malawi,2015,Flood,336053,area,485939.4
Malaysia,2011,Flood,24000,area,62167.0
Malaysia,2013,Flood,42626,area,106697.53
Malaysia,2016,Flood,330,area,20485.81
Malaysia,2016,Flood,6000,area,43580.48
Malaysia,2017,Flood,15000,area,78809.78
Malaysia,2018,Flood,6082,area,74295.74
Malaysia,2018,Flood,423,area,117492.07
Namibia,2010,Flood,11000,area,64630.0
Namibia,2011,Flood,60000,area,102874.0
Nigeria,2010,Flood,560000,area,619100.0
Nigeria,2015,Flood,2000,area,186816.02
Nicaragua,2008,Flood,3000,area,34760.0
Nicaragua,2009,Storm,0,max_wind_speed,250.0
Nicaragua,2014,Earthquake,1585,moment_magnitude,6.1
Nepal,2011,Flood,0,area,46388.0
Nepal,2011,Earthquake,46476,moment_magnitude,6.9
Nepal,2015,Earthquake,2622733,moment_magnitude,7.8
Nepal,2016,Wildfire,1023,area,1300.0
Nepal,2017,Flood,380963,area,64676.5
Nepal,2018,Storm,4,max_wind_speed,90.0
Nepal,2018,Flood,4,mm_of_rain,311.9
New Zealand,2010,Earthquake,250,moment_magnitude,7.0
New Zealand,2011,Earthquake,300,max_wind_speed,110.0
New Zealand,2015,Flood,400,area,8948.6
New Zealand,2015,Storm,40,max_wind_speed,280.0
New Zealand,2016,Earthquake,1500,moment_magnitude,7.8
New Zealand,2018,Flood,81,max_wind_speed,85.0
New Zealand,2018,Storm,8,max_wind_speed,180.0
New Zealand,2018,Storm,35,minutes_sustained,165.0
New Zealand,2018,Storm,35,minutes_sustained,10.0
Oman,2017,Flood,120,area,50430.4
Pakistan,2008,Flood,200,area,165900.0
Pakistan,2008,Flood,82000,area,32490.0
Pakistan,2008,Earthquake,7000,moment_magnitude,6.4
Pakistan,2010,Storm,60000,lowest_pressure,230.0
Pakistan,2010,Storm,60000,lowest_pressure,964.0
Pakistan,2011,Flood,300000,area,32667.0
Pakistan,2011,Earthquake,0,moment_magnitude,7.2
Pakistan,2013,Earthquake,205619,moment_magnitude,7.7
Pakistan,2013,Earthquake,78000,moment_magnitude,7.7
Pakistan,2014,Flood,466,area,253686.0
Pakistan,2015,Earthquake,665812,moment_magnitude,7.5
Pakistan,2017,Flood,628,mm_of_rain,130.0
Pakistan,2018,Flood,805,mm_of_rain,250.0
Panama,2014,Flood,200,area,22658.51
Panama,2016,Flood,60,mm_of_rain,101.5
Panama,2016,Storm,573,minutes_sustained,185.0
Panama,2016,Storm,573,minutes_sustained,1.0
Peru,2008,Flood,45000,area,456900.0
Peru,2009,Flood,45825,area,135300.0
Peru,2009,Extreme temperature,0,temperature,0.0
Peru,2010,Flood,9000,area,305800.0
Peru,2011,Earthquake,1705,moment_magnitude,6.9
Peru,2012,Earthquake,13332,moment_magnitude,6.4
Peru,2013,Earthquake,1302,moment_magnitude,7.0
Peru,2014,Volcanic eruption,421,vei,2.0
Peru,2015,Extreme temperature,1209,temperature,-15.0
Peru,2016,Earthquake,2149,moment_magnitude,6.3
Peru,2018,Flood,41,mm_of_rain,200.0
Peru,2018,Earthquake,3703,moment_magnitude,7.1
Philippines,2008,Flood,205974,area,21800.0
Philippines,2008,Storm,3530,max_wind_speed,150.0
Philippines,2008,Flood,30000,area,21770.0
Philippines,2008,Storm,54705,max_wind_speed,95.0
Philippines,2009,Storm,80655,lowest_pressure,285.0
Philippines,2009,Storm,80655,lowest_pressure,900.0
Philippines,2009,Storm,200000,lowest_pressure,55.0
Philippines,2009,Storm,200000,lowest_pressure,1000.0
Philippines,2009,Storm,117220,lowest_pressure,55.0
Philippines,2009,Storm,117220,lowest_pressure,1004.0
Philippines,2009,Storm,115000,lowest_pressure,165.0
Philippines,2009,Storm,115000,lowest_pressure,955.0
Philippines,2009,Storm,54718,lowest_pressure,215.0
Philippines,2009,Storm,54718,lowest_pressure,940.0
Philippines,2009,Storm,41000,lowest_pressure,75.0
Philippines,2009,Storm,41000,lowest_pressure,990.0
Philippines,2009,Storm,19590,lowest_pressure,75.0
Philippines,2009,Storm,19590,lowest_pressure,988.0
Philippines,2009,Storm,34982,lowest_pressure,150.0
Philippines,2009,Storm,34982,lowest_pressure,945.0
Philippines,2009,Storm,7265,lowest_pressure,120.0
Philippines,2009,Storm,7265,lowest_pressure,975.0
Philippines,2009,Storm,1529,lowest_pressure,95.0
Philippines,2009,Storm,1529,lowest_pressure,980.0
Philippines,2009,Storm,0,lowest_pressure,120.0
Philippines,2009,Storm,0,lowest_pressure,975.0
Philippines,2009,Storm,561242,lowest_pressure,150.0
Philippines,2009,Storm,561242,lowest_pressure,960.0
Philippines,2009,Storm,500000,lowest_pressure,185.0
Philippines,2009,Storm,500000,lowest_pressure,930.0
Philippines,2009,Storm,0,lowest_pressure,55.0
Philippines,2009,Storm,0,lowest_pressure,1002.0
Philippines,2009,Storm,63021,lowest_pressure,75.0
Philippines,2009,Storm,63021,lowest_pressure,994.0
Philippines,2010,Storm,150240,lowest_pressure,230.0
Philippines,2010,Storm,150240,lowest_pressure,885.0
Philippines,2010,Storm,137445,lowest_pressure,130.0
Philippines,2010,Storm,137445,lowest_pressure,970.0
Philippines,2010,Storm,0,lowest_pressure,95.0
Philippines,2010,Storm,0,lowest_pressure,985.0
Philippines,2011,Storm,150952,lowest_pressure,95.0
Philippines,2011,Storm,150952,lowest_pressure,985.0
Philippines,2011,Storm,14000,lowest_pressure,175.0
Philippines,2011,Storm,14000,lowest_pressure,930.0
Philippines,2011,Storm,90535,lowest_pressure,75.0
Philippines,2011,Storm,90535,lowest_pressure,992.0
Philippines,2011,Storm,168000,lowest_pressure,150.0
Philippines,2011,Storm,168000,lowest_pressure,950.0
Philippines,2011,Storm,212655,lowest_pressure,110.0
Philippines,2011,Storm,212655,lowest_pressure,975.0
Philippines,2011,Volcanic eruption,0,vei,4.0
Philippines,2011,Storm,18403,lowest_pressure,65.0
Philippines,2011,Storm,18403,lowest_pressure,1002.0
Philippines,2011,Storm,441037,lowest_pressure,95.0
Philippines,2011,Storm,441037,lowest_pressure,992.0
Philippines,2011,Storm,0,lowest_pressure,75.0
Philippines,2011,Storm,0,lowest_pressure,996.0
Philippines,2011,Storm,225694,minutes_sustained,195.0
Philippines,2011,Storm,225694,minutes_sustained,10.0
Philippines,2011,Storm,0,minutes_sustained,75.0
Philippines,2011,Storm,0,minutes_sustained,10.0
Philippines,2011,Storm,227446,max_wind_speed,260.0
Philippines,2011,Storm,143703,lowest_pressure,175.0
Philippines,2011,Storm,143703,lowest_pressure,935.0
Philippines,2012,Earthquake,187320,moment_magnitude,6.8
Philippines,2013,Storm,9918,lowest_pressure,95.0
Philippines,2013,Storm,9918,lowest_pressure,990.0
Philippines,2013,Storm,220,lowest_pressure,95.0
Philippines,2013,Storm,220,lowest_pressure,985.0
Philippines,2013,Storm,1538878,lowest_pressure,110.0
Philippines,2013,Storm,1538878,lowest_pressure,965.0
Philippines,2013,Storm,64966,minutes_sustained,185.0
Philippines,2013,Storm,64966,minutes_sustained,1.0
Philippines,2013,Storm,405965,lowest_pressure,140.0
Philippines,2013,Storm,405965,lowest_pressure,965.0
Philippines,2013,Storm,4095280,minutes_sustained,315.0
Philippines,2013,Storm,4095280,minutes_sustained,1.0
Philippines,2013,Storm,129169,lowest_pressure,195.0
Philippines,2013,Storm,129169,lowest_pressure,925.0
Philippines,2013,Earthquake,348507,moment_magnitude,7.2
Philippines,2013,Storm,7880,lowest_pressure,55.0
Philippines,2013,Storm,7880,lowest_pressure,1002.0
Philippines,2013,Storm,56172,minutes_sustained,250.0
Philippines,2013,Storm,56172,minutes_sustained,1.0
Philippines,2013,Storm,223134,lowest_pressure,65.0
Philippines,2013,Storm,223134,lowest_pressure,1002.0
Philippines,2014,Storm,400000,lowest_pressure,65.0
Philippines,2014,Storm,400000,lowest_pressure,1002.0
Philippines,2014,Storm,2994054,lowest_pressure,165.0
Philippines,2014,Storm,2994054,lowest_pressure,935.0
Philippines,2014,Storm,77431,minutes_sustained,140.0
Philippines,2014,Storm,77431,minutes_sustained,1.0
Philippines,2014,Storm,155671,lowest_pressure,75.0
Philippines,2014,Storm,155671,lowest_pressure,996.0
Philippines,2014,Storm,206368,lowest_pressure,85.0
Philippines,2014,Storm,206368,lowest_pressure,985.0
Philippines,2014,Storm,18131,lowest_pressure,65.0
Philippines,2014,Storm,18131,lowest_pressure,1000.0
Philippines,2014,Storm,1823176,lowest_pressure,215.0
Philippines,2014,Storm,1823176,lowest_pressure,905.0
Philippines,2014,Storm,6495,lowest_pressure,195.0
Philippines,2014,Storm,6495,lowest_pressure,920.0
Philippines,2015,Storm,742991,lowest_pressure,175.0
Philippines,2015,Storm,742991,lowest_pressure,935.0
Philippines,2015,Storm,3803,lowest_pressure,205.0
Philippines,2015,Storm,3803,lowest_pressure,920.0
Philippines,2015,Storm,45336,lowest_pressure,95.0
Philippines,2015,Storm,45336,lowest_pressure,980.0
Philippines,2015,Storm,18481,lowest_pressure,55.0
Philippines,2015,Storm,18481,lowest_pressure,1002.0
Philippines,2015,Storm,2761,lowest_pressure,195.0
Philippines,2015,Storm,2761,lowest_pressure,910.0
Philippines,2015,Storm,318359,lowest_pressure,185.0
Philippines,2015,Storm,318359,lowest_pressure,930.0
Philippines,2015,Storm,21561,lowest_pressure,155.0
Philippines,2015,Storm,21561,lowest_pressure,950.0
Philippines,2015,Storm,114591,lowest_pressure,110.0
Philippines,2015,Storm,114591,lowest_pressure,975.0
Philippines,2015,Storm,937725,lowest_pressure,185.0
Philippines,2015,Storm,937725,lowest_pressure,925.0
Philippines,2016,Storm,207832,lowest_pressure,175.0
Philippines,2016,Storm,207832,lowest_pressure,935.0
Philippines,2016,Storm,16684,lowest_pressure,220.0
Philippines,2016,Storm,16684,lowest_pressure,890.0
Philippines,2016,Storm,76554,lowest_pressure,95.0
Philippines,2016,Storm,76554,lowest_pressure,992.0
Philippines,2016,Storm,2376723,lowest_pressure,215.0
Philippines,2016,Storm,2376723,lowest_pressure,900.0
Philippines,2016,Storm,2555,lowest_pressure,155.0
Philippines,2016,Storm,2555,lowest_pressure,945.0
Philippines,2016,Storm,22246,lowest_pressure,205.0
Philippines,2016,Storm,22246,lowest_pressure,900.0
Philippines,2016,Storm,8427,lowest_pressure,110.0
Philippines,2016,Storm,8427,lowest_pressure,975.0
Philippines,2016,Storm,2592251,lowest_pressure,195.0
Philippines,2016,Storm,2592251,lowest_pressure,915.0
Philippines,2017,Storm,434504,lowest_pressure,130.0
Philippines,2017,Storm,434504,lowest_pressure,970.0
Philippines,2017,Flood,8000,area,10299.67
Philippines,2017,Earthquake,15865,moment_magnitude,6.5
Philippines,2017,Earthquake,29889,moment_magnitude,5.9
Philippines,2017,Storm,2252,lowest_pressure,75.0
Philippines,2017,Storm,2252,lowest_pressure,980.0
Philippines,2017,Storm,763921,lowest_pressure,75.0
Philippines,2017,Storm,763921,lowest_pressure,994.0
Philippines,2017,Storm,6813,lowest_pressure,55.0
Philippines,2017,Storm,6813,lowest_pressure,1009.0
Philippines,2017,Storm,1849,lowest_pressure,150.0
Philippines,2017,Storm,1849,lowest_pressure,960.0
Philippines,2017,Storm,130384,lowest_pressure,185.0
Philippines,2017,Storm,130384,lowest_pressure,915.0
Philippines,2017,Earthquake,54735,moment_magnitude,6.7
Philippines,2017,Storm,8201,lowest_pressure,100.0
Philippines,2017,Storm,8201,lowest_pressure,985.0
Philippines,2017,Storm,40966,lowest_pressure,150.0
Philippines,2017,Storm,40966,lowest_pressure,955.0
Philippines,2017,Storm,43071,lowest_pressure,55.0
Philippines,2017,Storm,43071,lowest_pressure,1002.0
Philippines,2017,Storm,6392,lowest_pressure,140.0
Philippines,2017,Storm,6392,lowest_pressure,955.0
Philippines,2018,Storm,1570804,lowest_pressure,205.0
Philippines,2018,Storm,1570804,lowest_pressure,905.0
Philippines,2018,Storm,438691,lowest_pressure,215.0
Philippines,2018,Storm,438691,lowest_pressure,900.0
Philippines,2018,Storm,902312,lowest_pressure,75.0
Philippines,2018,Storm,902312,lowest_pressure,994.0
Philippines,2018,Earthquake,4,moment_magnitude,6.5
Philippines,2018,Storm,97688,lowest_pressure,55.0
Philippines,2018,Storm,97688,lowest_pressure,1000.0
Philippines,2018,Storm,32309,minutes_sustained,250.0
Philippines,2018,Storm,32309,minutes_sustained,1.0
Philippines,2018,Storm,148538,lowest_pressure,65.0
Philippines,2018,Storm,148538,lowest_pressure,1000.0
Philippines,2018,Storm,7746,lowest_pressure,55.0
Philippines,2018,Storm,7746,lowest_pressure,996.0
Philippines,2018,Storm,1548,lowest_pressure,110.0
Philippines,2018,Storm,1548,lowest_pressure,970.0
Philippines,2018,Storm,47089,lowest_pressure,65.0
Philippines,2018,Storm,47089,lowest_pressure,1002.0
Philippines,2018,Storm,183503,lowest_pressure,75.0
Philippines,2018,Storm,183503,lowest_pressure,990.0
Palau,2013,Storm,1500,minutes_sustained,315.0
Palau,2013,Storm,1500,minutes_sustained,1.0
Papua New Guinea,2013,Wet mass movement,20,distance_of_mass_movement,150.0
Papua New Guinea,2014,Volcanic eruption,225,vei,4.0
Papua New Guinea,2017,Volcanic eruption,887,vei,2.0
Papua New Guinea,2018,Earthquake,58292,moment_magnitude,7.5
Poland,2009,Storm,0,max_wind_speed,130.0
Poland,2010,Extreme temperature,0,temperature,-35.0
Puerto Rico,2017,Storm,186,max_wind_speed,285.0
Puerto Rico,2017,Storm,86220,max_wind_speed,240.0
"Korea, Dem. Rep.",2016,Flood,107000,minutes_sustained,220.0
"Korea, Dem. Rep.",2016,Flood,107000,minutes_sustained,1.0
Portugal,2010,Flood,0,area,483.0
Portugal,2010,Storm,0,max_wind_speed,140.0
Portugal,2017,Wildfire,6000,area,2240.0
Portugal,2017,Wildfire,500,area,300.0
Portugal,2018,Storm,61,max_wind_speed,176.0
Paraguay,2008,Storm,60,max_wind_speed,80.0
Paraguay,2009,Flood,0,area,163300.0
Paraguay,2010,Extreme temperature,0,temperature,0.0
Paraguay,2013,Flood,28000,area,131222.52
Paraguay,2018,Flood,450,area,2924.11
French Polynesia,2010,Storm,3500,max_wind_speed,260.0
Romania,2009,Extreme temperature,0,temperature,-31.0
Romania,2010,Extreme temperature,0,temperature,-34.0
Romania,2016,Flood,1200,area,57182.5
Romania,2018,Flood,300,area,24192.62
Russian Federation,2014,Flood,22545,area,1829701.0
Russian Federation,2016,Storm,1400,minutes_sustained,220.0
Russian Federation,2016,Storm,1400,minutes_sustained,1.0
Russian Federation,2016,Flood,2000,area,1834048.3
Russia,2018,Flood,1506,area,172029.58
Rwanda,2008,Flood,5000,area,11140.0
Rwanda,2012,Flood,3225,area,43617.54
Saudi Arabia,2009,Flood,10000,area,114600.0
Saudi Arabia,2011,Flood,0,area,30361.0
Saudi Arabia,2012,Flood,0,area,233126.0
Saudi Arabia,2017,Flood,55,area,181054.82
Sudan,2009,Flood,80000,area,59850.0
Sudan,2013,Flood,283646,area,645399.78
Senegal,2012,Flood,20000,area,79242.0
Solomon Islands,2009,Flood,0,area,118000.0
Solomon Islands,2010,Earthquake,2850,moment_magnitude,7.1
Solomon Islands,2013,Earthquake,3500,moment_magnitude,8.0
Solomon Islands,2014,Flood,9000,area,5480.75
El Salvador,2009,Storm,15000,max_wind_speed,250.0
El Salvador,2010,Storm,15508,max_wind_speed,75.0
El Salvador,2018,Earthquake,2499,moment_magnitude,5.6
Somalia,2008,Flood,12000,area,111900.0
Somalia,2014,Flood,21000,area,42365.0
Serbia,2010,Earthquake,1470,moment_magnitude,5.5
Sint Maarten (Dutch part),2017,Storm,12706,max_wind_speed,285.0
Turks and Caicos Islands,2016,Storm,50,max_wind_speed,270.0
Turks and Caicos Islands,2017,Storm,60,max_wind_speed,285.0
Chad,2008,Flood,10000,area,61820.0
Chad,2010,Flood,70000,area,38021.0
Togo,2008,Flood,2000,area,66960.0
Thailand,2008,Flood,200000,area,15650.0
Thailand,2009,Flood,68000,area,35580.0
Thailand,2011,Earthquake,0,moment_magnitude,6.8
Thailand,2012,Flood,3000,area,44011.0
Thailand,2013,Flood,9828,area,38676.0
Thailand,2016,Flood,57000,area,67395.39
Thailand,2016,Extreme temperature,288,temperature,8.6
Thailand,2018,Storm,6,max_wind_speed,285.0
Tajikistan,2008,Extreme temperature,0,temperature,-15.0
Tajikistan,2009,Flood,0,area,62470.0
Tajikistan,2010,Earthquake,1134,moment_magnitude,5.3
Tajikistan,2011,Earthquake,0,moment_magnitude,6.1
Tajikistan,2012,Earthquake,6000,moment_magnitude,5.7
Tajikistan,2015,Earthquake,1469,moment_magnitude,7.2
Tajikistan,2016,Earthquake,30,moment_magnitude,5.4
Timor-Leste,2015,Earthquake,11,moment_magnitude,6.3
Tonga,2009,Earthquake,0,moment_magnitude,8.1
Tonga,2011,Storm,0,minutes_sustained,185.0
Tonga,2011,Storm,0,minutes_sustained,10.0
Tonga,2018,Storm,5700,minutes_sustained,205.0
Tonga,2018,Storm,5700,minutes_sustained,10.0
Tunisia,2013,Earthquake,6,moment_magnitude,6.5
Turkey,2014,Earthquake,478,moment_magnitude,6.0
"Taiwan, China",2009,Storm,24950,max_wind_speed,148.0
"Taiwan, China",2010,Earthquake,0,moment_magnitude,6.3
"Taiwan, China",2013,Storm,10124,max_wind_speed,220.0
"Taiwan, China",2013,Storm,3000,minutes_sustained,250.0
"Taiwan, China",2013,Storm,3000,minutes_sustained,1.0
"Taiwan, China",2014,Storm,5388,minutes_sustained,165.0
"Taiwan, China",2014,Storm,5388,minutes_sustained,1.0
"Taiwan, China",2015,Storm,568,minutes_sustained,220.0
"Taiwan, China",2015,Storm,568,minutes_sustained,1.0
"Taiwan, China",2015,Storm,2562,minutes_sustained,220.0
"Taiwan, China",2015,Storm,2562,minutes_sustained,1.0
"Taiwan, China",2015,Storm,12211,minutes_sustained,240.0
"Taiwan, China",2015,Storm,12211,minutes_sustained,1.0
"Taiwan, China",2015,Storm,11800,minutes_sustained,285.0
"Taiwan, China",2015,Storm,11800,minutes_sustained,1.0
"Taiwan, China",2016,Earthquake,751,moment_magnitude,6.4
"Taiwan, China",2016,Flood,2200,mm_of_water,280.0
"Taiwan, China",2016,Storm,15429,minutes_sustained,215.0
"Taiwan, China",2016,Storm,15429,minutes_sustained,1.0
"Taiwan, China",2016,Storm,6488,minutes_sustained,315.0
"Taiwan, China",2016,Storm,6488,minutes_sustained,1.0
"Taiwan, China",2016,Storm,17396,minutes_sustained,285.0
"Taiwan, China",2016,Storm,17396,minutes_sustained,1.0
"Taiwan, China",2016,Storm,2911,minutes_sustained,215.0
"Taiwan, China",2016,Storm,2911,minutes_sustained,1.0
"Taiwan, China",2017,Storm,12703,minutes_sustained,155.0
"Taiwan, China",2017,Storm,12703,minutes_sustained,1.0
"Taiwan, China",2017,Storm,1,minutes_sustained,175.0
"Taiwan, China",2017,Storm,1,minutes_sustained,10.0
"Taiwan, China",2017,Storm,1909,minutes_sustained,140.0
"Taiwan, China",2017,Storm,1909,minutes_sustained,10.0
"Taiwan, China",2018,Storm,3430,minutes_sustained,270.0
"Taiwan, China",2018,Storm,3430,minutes_sustained,1.0
"Taiwan, China",2018,Earthquake,830,moment_magnitude,6.4
Tanzania,2016,Flood,1379,area,182022.09
Tanzania,2016,Earthquake,10153,moment_magnitude,5.9
Tanzania,2018,Flood,13923,area,37319.62
Uganda,2016,Earthquake,1147,moment_magnitude,5.9
Uruguay,2009,Flood,0,area,43490.0
United States,2008,Storm,20000,max_wind_speed,200.0
United States,2009,Storm,0,minutes_sustained,215.0
United States,2009,Storm,0,minutes_sustained,1.0
United States,2010,Storm,0,max_wind_speed,140.0
United States,2011,Storm,771,minutes_sustained,195.0
United States,2011,Storm,771,minutes_sustained,1.0
United States,2011,Storm,27154,max_wind_speed,195.0
United States,2014,Storm,191,minutes_sustained,285.0
United States,2014,Storm,191,minutes_sustained,1.0
United States,2014,Earthquake,39,moment_magnitude,6.0
United States,2015,Storm,1461,max_wind_speed,130.0
United States,2015,Storm,775,minutes_sustained,260.0
United States,2015,Storm,775,minutes_sustained,1.0
United States,2015,Storm,5374,max_wind_speed,345.0
United States,2016,Storm,875000,max_wind_speed,270.0
United States,2017,Wildfire,203700,area,1101.5
United States,2017,Storm,848000,max_wind_speed,215.0
United States,2017,Storm,201689,max_wind_speed,285.0
Uzbekistan,2011,Earthquake,0,moment_magnitude,6.1
St. Vincent and the Grenadines,2016,Storm,288,max_wind_speed,270.0
"Venezuela, RB",2008,Flood,4695,area,61390.0
"Venezuela, RB",2010,Flood,101684,area,180760.0
British Virgin Islands,2017,Storm,6000,max_wind_speed,285.0
Virgin Islands,2017,Storm,393,max_wind_speed,285.0
Vietnam,2008,Flood,2000,area,74590.0
Vietnam,2008,Flood,840,area,39039.0
Vietnam,2008,Storm,820,max_wind_speed,102.0
Vietnam,2009,Storm,108635,max_wind_speed,165.0
Vietnam,2009,Storm,70540,max_wind_speed,140.0
Vietnam,2010,Storm,241705,minutes_sustained,85.0
Vietnam,2010,Storm,241705,minutes_sustained,10.0
Vietnam,2010,Storm,1500,minutes_sustained,150.0
Vietnam,2010,Storm,1500,minutes_sustained,1.0
Vietnam,2010,Storm,0,minutes_sustained,150.0
Vietnam,2010,Storm,0,minutes_sustained,1.0
Vietnam,2013,Storm,106238,minutes_sustained,185.0
Vietnam,2013,Storm,106238,minutes_sustained,1.0
Vietnam,2013,Storm,109600,minutes_sustained,185.0
Vietnam,2013,Storm,109600,minutes_sustained,1.0
Vietnam,2013,Storm,4000,minutes_sustained,250.0
Vietnam,2013,Storm,4000,minutes_sustained,1.0
Vietnam,2013,Storm,800000,minutes_sustained,315.0
Vietnam,2013,Storm,800000,minutes_sustained,1.0
Vietnam,2014,Storm,55000,minutes_sustained,140.0
Vietnam,2014,Storm,55000,minutes_sustained,1.0
Vietnam,2014,Storm,5500,minutes_sustained,260.0
Vietnam,2014,Storm,5500,minutes_sustained,1.0
Vietnam,2014,Storm,5400,minutes_sustained,85.0
Vietnam,2014,Storm,5400,minutes_sustained,10.0
Vietnam,2015,Storm,83,minutes_sustained,85.0
Vietnam,2015,Storm,83,minutes_sustained,10.0
Vietnam,2015,Flood,5836,area,24336.74
Vietnam,2016,Storm,7754,minutes_sustained,75.0
Vietnam,2016,Storm,7754,minutes_sustained,10.0
Vietnam,2016,Storm,7319,minutes_sustained,65.0
Vietnam,2016,Storm,7319,minutes_sustained,10.0
Vietnam,2016,Storm,32437,minutes_sustained,120.0
Vietnam,2016,Storm,32437,minutes_sustained,1.0
Vietnam,2016,Storm,1800,minutes_sustained,150.0
Vietnam,2016,Storm,1800,minutes_sustained,1.0
Vietnam,2016,Flood,7743,area,44341.22
Vietnam,2016,Flood,14440,area,63641.54
Viet Nam,2017,Storm,116525,minutes_sustained,175.0
Viet Nam,2017,Storm,116525,minutes_sustained,1.0
Viet Nam,2017,Storm,35168,minutes_sustained,165.0
Viet Nam,2017,Storm,35168,minutes_sustained,1.0
Viet Nam,2017,Storm,28879,max_wind_speed,65.0
Viet Nam,2017,Storm,630,max_wind_speed,95.0
Viet Nam,2017,Storm,430703,minutes_sustained,155.0
Viet Nam,2017,Storm,430703,minutes_sustained,1.0
Viet Nam,2018,Storm,100000,minutes_sustained,250.0
Viet Nam,2018,Storm,100000,minutes_sustained,1.0
Viet Nam,2018,Storm,22,minutes_sustained,185.0
Viet Nam,2018,Storm,22,minutes_sustained,10.0
Viet Nam,2018,Storm,6354,minutes_sustained,85.0
Viet Nam,2018,Storm,6354,minutes_sustained,10.0
Vanuatu,2011,Storm,0,max_wind_speed,100.0
Vanuatu,2011,Storm,400,minutes_sustained,165.0
Vanuatu,2011,Storm,400,minutes_sustained,10.0
Vanuatu,2014,Storm,149,minutes_sustained,150.0
Vanuatu,2014,Storm,149,minutes_sustained,10.0
Vanuatu,2015,Storm,65000,max_wind_speed,250.0
Vanuatu,2017,Volcanic eruption,10869,vei,3.0
Vanuatu,2017,Storm,2700,max_wind_speed,215.0
Vanuatu,2018,Storm,100,max_wind_speed,185.0
Vanuatu,2018,Volcanic eruption,304,vei,2.0
Samoa,2009,Earthquake,5274,moment_magnitude,8.1
Samoa,2016,Storm,63,minutes_sustained,150.0
Samoa,2016,Storm,63,minutes_sustained,10.0
Kosovo,2013,Flood,100,mm_of_rain,200.0
Kosovo,2013,Flood,900,mm_of_rain,200.0
Kosovo,2016,Flood,10,mm_of_rain,200.0
"Yemen, Rep.",2008,Flood,22000,area,133200.0
"Yemen, Rep.",2015,Storm,43296,minutes_sustained,215.0
"Yemen, Rep.",2015,Storm,43296,minutes_sustained,3.0
"Yemen, Rep.",2015,Storm,39600,minutes_sustained,175.0
"Yemen, Rep.",2015,Storm,39600,minutes_sustained,3.0
Yemen,2018,Storm,13218,minutes_sustained,140.0
Yemen,2018,Storm,13218,minutes_sustained,3.0
Yemen,2018,Storm,5068,minutes_sustained,175.0
Yemen,2018,Storm,5068,minutes_sustained,3.0
South Africa,2009,Flood,20000,area,32700.0
South Africa,2011,Flood,52172,area,124636.0
South Africa,2014,Flood,3525,area,1037639.2
South Africa,2017,Flood,236,area,213686.92
Zambia,2010,Flood,0,area,85510.0
